Job_id,Title,Vacancy URL,Company ID,Published,End_date,Salary Range min,Salary Range max,Location ID,company_id,Company name,Company URL,location_id,City,Region,Country
1,Middle+/Senior Business Analyst,https://www.cv.lv/lv/vacancy/986697/dataart-ltd/middle-senior-business-analyst,1,2023-04-18,17.05.2023,3500.0,4000.0,1,1,DataArt Ltd,https://www.cv.lv/lv/search/employer/dataart-ltd?employerId=68947&employerName=DataArt Ltd,1, Rīga, Rīgas rajons,Latvia
2,Partner Performance Analyst (for a fixed period 1 year),https://www.cv.lv/lv/vacancy/994377/tele2-sia/partner-performance-analyst-for-a-fixed-period-1-year,2,2023-05-10,17.05.2023,2000.0,,1,2,Tele2 SIA,https://www.cv.lv/lv/search/employer/tele2-sia?employerId=25311&employerName=Tele2 SIA,1, Rīga, Rīgas rajons,Latvia
3,Junior Web Analytics,https://www.cv.lv/lv/vacancy/986160/scandiweb/junior-web-analytics,3,2023-05-16,17.05.2023,1200.0,1800.0,1,3,scandiweb,https://www.cv.lv/lv/search/employer/scandiweb?employerId=29385&employerName=scandiweb,1, Rīga, Rīgas rajons,Latvia
4,ANALĪTIĶIS/-E Maksājumu pakalpojumu sniedzēju uzraudzības grupā,https://www.cv.lv/lv/vacancy/986243/rietumu-banka-as/analitikis-e-maksajumu-pakalpojumu-sniedzeju-uzraudzibas-grupa,4,2023-05-16,17.05.2023,1500.0,2200.0,1,4,Rietumu Banka AS,https://www.cv.lv/lv/search/employer/rietumu-banka-as?employerId=9157&employerName=Rietumu Banka AS,1, Rīga, Rīgas rajons,Latvia
5,Data Engineer,https://www.cv.lv/lv/vacancy/986233/epic-frog/data-engineer,5,2023-05-16,17.05.2023,2845.0,4300.0,1,5,Epic Frog,https://www.cv.lv/lv/search/employer/epic-frog?employerId=65312&employerName=Epic Frog,1, Rīga, Rīgas rajons,Latvia
6,Financial Analyst (Consolidation Specialist),https://www.cv.lv/lv/vacancy/986571/amber-beverage-group-sia/financial-analyst-consolidation-specialist,6,2023-05-16,17.05.2023,1900.0,2200.0,1,6,Amber Beverage Group SIA,https://www.cv.lv/lv/search/employer/amber-beverage-group-sia?employerId=10275&employerName=Amber Beverage Group SIA,1, Rīga, Rīgas rajons,Latvia
7,Analyst in Financial Crime Data Analytics & Technology Team,https://www.cv.lv/lv/vacancy/985931/ernst-un-young-baltic-sia/analyst-in-financial-crime-data-analytics-un-technology-team,7,2023-04-17,17.05.2023,1700.0,2300.0,1,7,Ernst & Young Baltic SIA,https://www.cv.lv/lv/search/employer/ernst-un-young-baltic-sia?employerId=26642&employerName=Ernst & Young Baltic SIA,1, Rīga, Rīgas rajons,Latvia
8,Merchant Onboarding Specialist – Compliance Analyst,https://www.cv.lv/lv/vacancy/986003/sia-dynatech/merchant-onboarding-specialist-compliance-analyst,8,2023-04-17,17.05.2023,2000.0,,1,8,"SIA ""Dynatech""","https://www.cv.lv/lv/search/employer/sia-dynatech?employerId=30946&employerName=SIA ""Dynatech""",1, Rīga, Rīgas rajons,Latvia
9,KLIENTU DARĪJUMU ANALĪTIĶIS (KYC STRUKTŪRVIENĪBĀ),https://www.cv.lv/lv/vacancy/986190/industra-bank/klientu-darijumu-analitikis-kyc-strukturvieniba,9,2023-05-16,17.05.2023,1600.0,,1,9,Industra Bank,https://www.cv.lv/lv/search/employer/industra-bank?employerId=27357&employerName=Industra Bank,1, Rīga, Rīgas rajons,Latvia
10,Business Analyst,https://www.cv.lv/lv/vacancy/994865/swedbank-as/business-analyst,10,2023-05-16,17.05.2023,2400.0,3600.0,1,10,Swedbank AS,https://www.cv.lv/lv/search/employer/swedbank-as?employerId=29215&employerName=Swedbank AS,1, Rīga, Rīgas rajons,Latvia
11,Financial Analyst,https://www.cv.lv/lv/vacancy/986231/epic-frog/financial-analyst,5,2023-05-16,17.05.2023,2200.0,2850.0,1,5,Epic Frog,https://www.cv.lv/lv/search/employer/epic-frog?employerId=65312&employerName=Epic Frog,1, Rīga, Rīgas rajons,Latvia
12,Biznesa attīstības analītiķis/e,https://www.cv.lv/lv/vacancy/986304/ab-city-as/biznesa-attistibas-analitikis-e,11,2023-04-18,18.05.2023,2500.0,3500.0,1,11,AB CITY AS,https://www.cv.lv/lv/search/employer/ab-city-as?employerId=71535&employerName=AB CITY AS,1, Rīga, Rīgas rajons,Latvia
13,Sistēmanalītiķis/-e,https://www.cv.lv/lv/vacancy/987250/workingday-latvia/sistemanalitikis-e,12,2023-04-18,18.05.2023,2900.0,4000.0,1,12,WorkingDay Latvia,https://www.cv.lv/lv/search/employer/workingday-latvia?employerId=1205&employerName=WorkingDay Latvia,1, Rīga, Rīgas rajons,Latvia
14,Senior ICT Risk Analyst,https://www.cv.lv/lv/vacancy/968600/alliance-for-recruitment/senior-ict-risk-analyst,13,,18.05.2023,2720.0,4080.0,2,13,Alliance for Recruitment,https://www.cv.lv/lv/search/employer/alliance-for-recruitment?employerId=16025&employerName=Alliance for Recruitment,2,,,Lithuania
15,WEB PRODUCT ANALYST,https://www.cv.lv/lv/vacancy/986807/agcsoft-sia/web-product-analyst,14,2023-05-09,18.05.2023,2200.0,,1,14,AGCSOFT SIA,https://www.cv.lv/lv/search/employer/agcsoft-sia?employerId=66129&employerName=AGCSOFT SIA,1, Rīga, Rīgas rajons,Latvia
16,DATA ENGINEER,https://www.cv.lv/lv/vacancy/986928/kpmg-baltics-sia/data-engineer,15,2023-04-18,18.05.2023,2000.0,4000.0,1,15,KPMG Baltics SIA,https://www.cv.lv/lv/search/employer/kpmg-baltics-sia?employerId=26749&employerName=KPMG Baltics SIA,1, Rīga, Rīgas rajons,Latvia
17,Information Security Risk Analyst,https://www.cv.lv/lv/vacancy/968566/alliance-for-recruitment/information-security-risk-analyst,13,,18.05.2023,2460.0,3680.0,3,13,Alliance for Recruitment,https://www.cv.lv/lv/search/employer/alliance-for-recruitment?employerId=16025&employerName=Alliance for Recruitment,3,,,Latvia
18,ICT Risk Analyst,https://www.cv.lv/lv/vacancy/968598/alliance-for-recruitment/ict-risk-analyst,13,,18.05.2023,2460.0,3680.0,2,13,Alliance for Recruitment,https://www.cv.lv/lv/search/employer/alliance-for-recruitment?employerId=16025&employerName=Alliance for Recruitment,2,,,Lithuania
19,"Senior DevOps (AWS), Data Project",https://www.cv.lv/lv/vacancy/987418/dataart-ltd/senior-devops-aws-data-project,1,2023-04-18,18.05.2023,4000.0,4300.0,1,1,DataArt Ltd,https://www.cv.lv/lv/search/employer/dataart-ltd?employerId=68947&employerName=DataArt Ltd,1, Rīga, Rīgas rajons,Latvia
20,Senior Information Security Risk Analyst,https://www.cv.lv/lv/vacancy/968559/alliance-for-recruitment/senior-information-security-risk-analyst,13,,18.05.2023,2720.0,4080.0,3,13,Alliance for Recruitment,https://www.cv.lv/lv/search/employer/alliance-for-recruitment?employerId=16025&employerName=Alliance for Recruitment,3,,,Latvia
21,JUNIOR SPORT RISK ANALYST,https://www.cv.lv/lv/vacancy/987802/osauhing-tonybet/junior-sport-risk-analyst,16,2023-04-19,19.05.2023,1300.0,1500.0,1,16,Osaühing Tonybet,https://www.cv.lv/lv/search/employer/osauhing-tonybet?employerId=30704&employerName=Osaühing Tonybet,1, Rīga, Rīgas rajons,Latvia
22,SPORT RISK ANALYST,https://www.cv.lv/lv/vacancy/987798/osauhing-tonybet/sport-risk-analyst,16,2023-04-19,19.05.2023,1800.0,2700.0,1,16,Osaühing Tonybet,https://www.cv.lv/lv/search/employer/osauhing-tonybet?employerId=30704&employerName=Osaühing Tonybet,1, Rīga, Rīgas rajons,Latvia
23,Datortehniķis,https://www.cv.lv/lv/vacancy/987713/baltic-data-sia/datortehnikis,17,2023-04-19,19.05.2023,800.0,1300.0,1,17,Baltic Data SIA,https://www.cv.lv/lv/search/employer/baltic-data-sia?employerId=29064&employerName=Baltic Data SIA,1, Rīga, Rīgas rajons,Latvia
24,Klientu atbalsta datu analītiķis/-e,https://www.cv.lv/lv/vacancy/988015/printful-latvia-as/klientu-atbalsta-datu-analitikis-e,18,2023-05-16,20.05.2023,1800.0,2300.0,1,18,Printful Latvia AS,https://www.cv.lv/lv/search/employer/printful-latvia-as?employerId=25007&employerName=Printful Latvia AS,1, Rīga, Rīgas rajons,Latvia
25,Financial Analyst,https://www.cv.lv/lv/vacancy/988410/sia-dynatech/financial-analyst,8,2023-04-20,20.05.2023,2700.0,3000.0,1,8,"SIA ""Dynatech""","https://www.cv.lv/lv/search/employer/sia-dynatech?employerId=30946&employerName=SIA ""Dynatech""",1, Rīga, Rīgas rajons,Latvia
26,Business Intelligence Analyst,https://www.cv.lv/lv/vacancy/989047/gocardless/business-intelligence-analyst,19,2023-04-21,21.05.2023,3200.0,3520.0,1,19,GoCardless,https://www.cv.lv/lv/search/employer/gocardless?employerId=66466&employerName=GoCardless,1, Rīga, Rīgas rajons,Latvia
27,Datu analītiķis/-e,https://www.cv.lv/lv/vacancy/997172/latvijas-valsts-mezi-as/datu-analitikis-e,20,2023-05-09,21.05.2023,1698.0,1887.0,1,20,Latvijas valsts meži AS,https://www.cv.lv/lv/search/employer/latvijas-valsts-mezi-as?employerId=8929&employerName=Latvijas valsts meži AS,1, Rīga, Rīgas rajons,Latvia
28,Big Data visualization specialist,https://www.cv.lv/lv/vacancy/988849/accenture/big-data-visualization-specialist,21,2023-05-16,21.05.2023,2625.0,4400.0,1,21,Accenture ,https://www.cv.lv/lv/search/employer/accenture?employerId=19491&employerName=Accenture ,1, Rīga, Rīgas rajons,Latvia
29,Business Analyst (located in Kenya),https://www.cv.lv/lv/vacancy/989221/eleving-group/business-analyst-located-in-kenya,22,2023-04-21,21.05.2023,1800.0,2100.0,4,22,Eleving Group,https://www.cv.lv/lv/search/employer/eleving-group?employerId=21248&employerName=Eleving Group,4,,, Kenija
30,Data Protection Expert (temporary contract),https://www.cv.lv/lv/vacancy/995616/rimi-latvia-sia/data-protection-expert-temporary-contract,23,2023-05-08,21.05.2023,2100.0,2600.0,1,23,RIMI Latvia SIA,https://www.cv.lv/lv/search/employer/rimi-latvia-sia?employerId=29474&employerName=RIMI Latvia SIA,1, Rīga, Rīgas rajons,Latvia
31,Senior Business Analyst,https://www.cv.lv/lv/vacancy/996966/luminor-bank-as-latvijas-filiale/senior-business-analyst,24,2023-05-09,21.05.2023,2800.0,3900.0,1,24,Luminor Bank AS Latvijas filiāle,https://www.cv.lv/lv/search/employer/luminor-bank-as-latvijas-filiale?employerId=29434&employerName=Luminor Bank AS Latvijas filiāle,1, Rīga, Rīgas rajons,Latvia
32,Big Data engineer,https://www.cv.lv/lv/vacancy/988851/accenture/big-data-engineer,21,2023-05-16,21.05.2023,2625.0,4500.0,3,21,Accenture ,https://www.cv.lv/lv/search/employer/accenture?employerId=19491&employerName=Accenture ,3,,,Latvia
33,Business Analyst,https://www.cv.lv/lv/vacancy/996968/luminor-bank-as-latvijas-filiale/business-analyst,24,2023-05-09,21.05.2023,2500.0,3500.0,1,24,Luminor Bank AS Latvijas filiāle,https://www.cv.lv/lv/search/employer/luminor-bank-as-latvijas-filiale?employerId=29434&employerName=Luminor Bank AS Latvijas filiāle,1, Rīga, Rīgas rajons,Latvia
34,DATU IEVADES OPERATORS/-E,https://www.cv.lv/lv/vacancy/995655/cv-online-recruitment/datu-ievades-operators-e,25,2023-05-15,22.05.2023,1120.0,1260.0,1,25,CV-Online Recruitment,https://www.cv.lv/lv/search/employer/cv-online-recruitment?employerId=19188&employerName=CV-Online Recruitment,1, Rīga, Rīgas rajons,Latvia
35,SISTĒMU UN BIZNESA PROCESU ANALĪTIĶIS,https://www.cv.lv/lv/vacancy/996537/valsts-regionalas-attistibas-agentura/sistemu-un-biznesa-procesu-analitikis,26,2023-05-16,22.05.2023,2174.0,,1,26,Valsts reģionālās attīstības aģentūra,https://www.cv.lv/lv/search/employer/valsts-regionalas-attistibas-agentura?employerId=26355&employerName=Valsts reģionālās attīstības aģentūra,1, Rīga, Rīgas rajons,Latvia
36,Ūdensapgādes un kanalizācijas sistēmu inženieris,https://www.cv.lv/lv/vacancy/996597/rigas-namu-parvaldnieks-sia/udensapgades-un-kanalizacijas-sistemu-inzenieris,27,2023-05-08,22.05.2023,1800.0,,1,27,Rīgas namu pārvaldnieks SIA,https://www.cv.lv/lv/search/employer/rigas-namu-parvaldnieks-sia?employerId=27725&employerName=Rīgas namu pārvaldnieks SIA,1, Rīga, Rīgas rajons,Latvia
37,Data Steward,https://www.cv.lv/lv/vacancy/996529/swedbank-as/data-steward,10,2023-05-16,22.05.2023,2400.0,3600.0,1,10,Swedbank AS,https://www.cv.lv/lv/search/employer/swedbank-as?employerId=29215&employerName=Swedbank AS,1, Rīga, Rīgas rajons,Latvia
38,DATABASE MANAGER,https://www.cv.lv/lv/vacancy/995677/booking-group-corporation-sia/database-manager,28,2023-05-08,23.05.2023,1300.0,,1,28,Booking Group Corporation SIA,https://www.cv.lv/lv/search/employer/booking-group-corporation-sia?employerId=34131&employerName=Booking Group Corporation SIA,1, Rīga, Rīgas rajons,Latvia
39,Mežizstrādes procesa analītiķis/-e,https://www.cv.lv/lv/vacancy/998208/latvijas-valsts-mezi-as/mezizstrades-procesa-analitikis-e,20,2023-05-11,23.05.2023,1954.0,2171.0,1,20,Latvijas valsts meži AS,https://www.cv.lv/lv/search/employer/latvijas-valsts-mezi-as?employerId=8929&employerName=Latvijas valsts meži AS,1, Rīga, Rīgas rajons,Latvia
40,DATU PĀRVALDĪBAS SPECIĀLISTS,https://www.cv.lv/lv/vacancy/990051/sehner-international-sia/datu-parvaldibas-specialists,29,2023-04-24,24.05.2023,1100.0,1600.0,1,29,SEHNER-International SIA,https://www.cv.lv/lv/search/employer/sehner-international-sia?employerId=26190&employerName=SEHNER-International SIA,1, Rīga, Rīgas rajons,Latvia
41,Datu inženieris / Data Engineer,https://www.cv.lv/lv/vacancy/989748/norwegian-air-resources-latvia/datu-inzenieris-data-engineer,30,2023-04-24,24.05.2023,3500.0,,1,30,Norwegian Air Resources Latvia,https://www.cv.lv/lv/search/employer/norwegian-air-resources-latvia?employerId=24169&employerName=Norwegian Air Resources Latvia,1, Rīga, Rīgas rajons,Latvia
42,"Open Position - Salesforce developer, Test Automation Specialist, DATA engineers",https://www.cv.lv/lv/vacancy/989877/cognizant-latvia/open-position-salesforce-developer-test-automation-specialist-data-engineers,31,2023-04-24,24.05.2023,3500.0,4200.0,1,31,Cognizant Latvia,https://www.cv.lv/lv/search/employer/cognizant-latvia?employerId=18515&employerName=Cognizant Latvia,1, Rīga, Rīgas rajons,Latvia
43,IT projektu vadītājs/ sistēmu analītiķis,https://www.cv.lv/lv/vacancy/990096/efumo-ssc-sia/it-projektu-vaditajs-sistemu-analitikis,32,2023-04-24,24.05.2023,2000.0,3500.0,1,32,Efumo SSC SIA,https://www.cv.lv/lv/search/employer/efumo-ssc-sia?employerId=28280&employerName=Efumo SSC SIA,1, Rīga, Rīgas rajons,Latvia
44,Audit Analyst,https://www.cv.lv/lv/vacancy/990001/deloitte-latvia-sia/audit-analyst,33,2023-05-16,24.05.2023,1000.0,1300.0,1,33,Deloitte Latvia SIA,https://www.cv.lv/lv/search/employer/deloitte-latvia-sia?employerId=29154&employerName=Deloitte Latvia SIA,1, Rīga, Rīgas rajons,Latvia
45,Tirdzniecības datu analītiķis,https://www.cv.lv/lv/vacancy/989867/skai-baltija-sia/tirdzniecibas-datu-analitikis,34,2023-04-24,24.05.2023,1200.0,,1,34,SKAI BALTIJA SIA,https://www.cv.lv/lv/search/employer/skai-baltija-sia?employerId=25350&employerName=SKAI BALTIJA SIA,1, Rīga, Rīgas rajons,Latvia
46,Business Analyst,https://www.cv.lv/lv/vacancy/990514/sia-dynatech/business-analyst,8,2023-04-25,25.05.2023,2100.0,3600.0,1,8,"SIA ""Dynatech""","https://www.cv.lv/lv/search/employer/sia-dynatech?employerId=30946&employerName=SIA ""Dynatech""",1, Rīga, Rīgas rajons,Latvia
47,Finansists un biznesa procesu analītiķis,https://www.cv.lv/lv/vacancy/990656/cargoflex-sia/finansists-un-biznesa-procesu-analitikis,35,2023-04-25,25.05.2023,2500.0,,1,35,Cargoflex SIA,https://www.cv.lv/lv/search/employer/cargoflex-sia?employerId=29825&employerName=Cargoflex SIA,1, Rīga, Rīgas rajons,Latvia
48,ASISTENTS/-E / DATU IEVADES SPECIĀLISTS/-E,https://www.cv.lv/lv/vacancy/990989/auto-metro-sia/asistents-e-datu-ievades-specialists-e,36,2023-05-09,25.05.2023,880.0,1000.0,1,36,Auto Metro SIA,https://www.cv.lv/lv/search/employer/auto-metro-sia?employerId=26739&employerName=Auto Metro SIA,1, Rīga, Rīgas rajons,Latvia
49,"Business, Finance, or Data Specialists for adventure in Kenya & Uganda",https://www.cv.lv/lv/vacancy/990446/eleving-group/business-finance-or-data-specialists-for-adventure-in-kenya-un-uganda,22,2023-04-25,25.05.2023,1800.0,4600.0,1,22,Eleving Group,https://www.cv.lv/lv/search/employer/eleving-group?employerId=21248&employerName=Eleving Group,1, Rīga, Rīgas rajons,Latvia
50,Degvielas un ceļu apmaksu datubāzes analītiķis/-e,https://www.cv.lv/lv/vacancy/990542/dinotrans-sia/degvielas-un-celu-apmaksu-datubazes-analitikis-e,37,2023-04-25,25.05.2023,1500.0,,1,37,Dinotrans SIA,https://www.cv.lv/lv/search/employer/dinotrans-sia?employerId=30643&employerName=Dinotrans SIA,1, Rīga, Rīgas rajons,Latvia
51,FINANŠU ANALĪTIĶIS,https://www.cv.lv/lv/vacancy/990575/veselibas-centru-apvieniba-as/finansu-analitikis,38,2023-04-25,25.05.2023,3000.0,,1,38,Veselības centru apvienība AS,https://www.cv.lv/lv/search/employer/veselibas-centru-apvieniba-as?employerId=27389&employerName=Veselības centru apvienība AS,1, Rīga, Rīgas rajons,Latvia
52,Vecākais referents Tirgus analīzes un nodrošinājuma plānošanas nodaļā,https://www.cv.lv/lv/vacancy/998685/valsts-aizsardzibas-logistikas-un-iepirkumu-centrs/vecakais-referents-tirgus-analizes-un-nodrosinajuma-planosanas-nodala,39,2023-05-15,25.05.2023,1500.0,1700.0,1,39,Valsts aizsardzības loģistikas un iepirkumu centrs,https://www.cv.lv/lv/search/employer/valsts-aizsardzibas-logistikas-un-iepirkumu-centrs?employerId=41152&employerName=Valsts aizsardzības loģistikas un iepirkumu centrs,1, Rīga, Rīgas rajons,Latvia
53,System Analyst,https://www.cv.lv/lv/vacancy/990591/via-sms-group/system-analyst,40,2023-04-25,25.05.2023,2500.0,3500.0,1,40,VIA SMS Group,https://www.cv.lv/lv/search/employer/via-sms-group?employerId=25984&employerName=VIA SMS Group,1, Rīga, Rīgas rajons,Latvia
54,SISTĒMANALĪTIĶIS,https://www.cv.lv/lv/vacancy/990833/corporate-solutions-sia/sistemanalitikis,41,2023-04-25,25.05.2023,2000.0,3500.0,1,41,Corporate Solutions SIA,https://www.cv.lv/lv/search/employer/corporate-solutions-sia?employerId=26268&employerName=Corporate Solutions SIA,1, Rīga, Rīgas rajons,Latvia
55,Senior System Analyst,https://www.cv.lv/lv/vacancy/990899/emergn/senior-system-analyst,42,2023-04-25,25.05.2023,2500.0,4300.0,1,42,Emergn,https://www.cv.lv/lv/search/employer/emergn?employerId=29144&employerName=Emergn,1, Rīga, Rīgas rajons,Latvia
56,Sistēmanalītiķis/-e,https://www.cv.lv/lv/vacancy/990527/zz-dats-sia/sistemanalitikis-e,43,2023-04-25,25.05.2023,2800.0,4000.0,1,43,ZZ Dats SIA,https://www.cv.lv/lv/search/employer/zz-dats-sia?employerId=29624&employerName=ZZ Dats SIA,1, Rīga, Rīgas rajons,Latvia
57,DATORSISTĒMU ADMINISTRATORS,https://www.cv.lv/lv/vacancy/990888/mfd-veselibas-grupa/datorsistemu-administrators,44,2023-04-25,25.05.2023,1900.0,,1,44,MFD Veselības grupa,https://www.cv.lv/lv/search/employer/mfd-veselibas-grupa?employerId=28361&employerName=MFD Veselības grupa,1, Rīga, Rīgas rajons,Latvia
58,Informācijas tehnoloģiju projektu attīstības nodaļas sistēmanalītiķis/-e - testētājs/-a,https://www.cv.lv/lv/vacancy/998009/nacionalais-veselibas-dienests/informacijas-tehnologiju-projektu-attistibas-nodalas-sistemanalitikis-e-testetajs-a,45,2023-05-11,25.05.2023,1487.0,,1,45,Nacionālais veselības dienests,https://www.cv.lv/lv/search/employer/nacionalais-veselibas-dienests?employerId=29548&employerName=Nacionālais veselības dienests,1, Rīga, Rīgas rajons,Latvia
59,Vecākais/ā eksperts/e izmaksu analīzes jomā Loģistikas plānošanas departamentā,https://www.cv.lv/lv/vacancy/998676/valsts-aizsardzibas-logistikas-un-iepirkumu-centrs/vecakais-a-eksperts-e-izmaksu-analizes-joma-logistikas-planosanas-departamenta,39,2023-05-15,25.05.2023,1600.0,1800.0,1,39,Valsts aizsardzības loģistikas un iepirkumu centrs,https://www.cv.lv/lv/search/employer/valsts-aizsardzibas-logistikas-un-iepirkumu-centrs?employerId=41152&employerName=Valsts aizsardzības loģistikas un iepirkumu centrs,1, Rīga, Rīgas rajons,Latvia
60,BIZNESA ANALĪTIĶIS/-E,https://www.cv.lv/lv/vacancy/990869/bta-baltic-insurance-company-aas/biznesa-analitikis-e,46,2023-05-16,25.05.2023,1100.0,1300.0,1,46,BTA Baltic Insurance Company AAS,https://www.cv.lv/lv/search/employer/bta-baltic-insurance-company-aas?employerId=8611&employerName=BTA Baltic Insurance Company AAS,1, Rīga, Rīgas rajons,Latvia
61,Sistēmu analītiķis/-e,https://www.cv.lv/lv/vacancy/991429/workingday-latvia/sistemu-analitikis-e,12,2023-04-26,26.05.2023,3000.0,4500.0,1,12,WorkingDay Latvia,https://www.cv.lv/lv/search/employer/workingday-latvia?employerId=1205&employerName=WorkingDay Latvia,1, Rīga, Rīgas rajons,Latvia
62,ANALĪTIĶIS,https://www.cv.lv/lv/vacancy/997279/latvijas-vides-geologijas-un-meteorologijas-centrs/analitikis,47,2023-05-09,26.05.2023,700.0,900.0,1,47,"Latvijas Vides, ģeoloģijas un meteoroloģijas centrs","https://www.cv.lv/lv/search/employer/latvijas-vides-geologijas-un-meteorologijas-centrs?employerId=29221&employerName=Latvijas Vides, ģeoloģijas un meteoroloģijas centrs",1, Rīga, Rīgas rajons,Latvia
63,Finanšu analītiķis/-e,https://www.cv.lv/lv/vacancy/991644/rietumu-banka-as/finansu-analitikis-e,4,2023-05-10,26.05.2023,1500.0,2000.0,1,4,Rietumu Banka AS,https://www.cv.lv/lv/search/employer/rietumu-banka-as?employerId=9157&employerName=Rietumu Banka AS,1, Rīga, Rīgas rajons,Latvia
64,Klientu darījumu uzraudzības analītiķis(-e),https://www.cv.lv/lv/vacancy/998642/swedbank-as/klientu-darijumu-uzraudzibas-analitikis-e,10,2023-05-15,26.05.2023,1650.0,2450.0,1,10,Swedbank AS,https://www.cv.lv/lv/search/employer/swedbank-as?employerId=29215&employerName=Swedbank AS,1, Rīga, Rīgas rajons,Latvia
65,Senior Credit Analyst / Vecākais/-ā kredītu analītiķis/-e,https://www.cv.lv/lv/vacancy/991916/workingday-latvia/senior-credit-analyst-vecakais-a-kreditu-analitikis-e,12,2023-04-27,27.05.2023,3000.0,3500.0,1,12,WorkingDay Latvia,https://www.cv.lv/lv/search/employer/workingday-latvia?employerId=1205&employerName=WorkingDay Latvia,1, Rīga, Rīgas rajons,Latvia
66,IT Business Analyst for Digital Identity,https://www.cv.lv/lv/vacancy/995524/swedbank-as/it-business-analyst-for-digital-identity,10,2023-05-16,27.05.2023,2150.0,3250.0,1,10,Swedbank AS,https://www.cv.lv/lv/search/employer/swedbank-as?employerId=29215&employerName=Swedbank AS,1, Rīga, Rīgas rajons,Latvia
67,Data Engineer (Product & Technology Delivery),https://www.cv.lv/lv/vacancy/992059/eis-group-latvia-sia/data-engineer-product-un-technology-delivery,48,2023-05-16,27.05.2023,3000.0,4100.0,1,48,EIS Group Latvia SIA,https://www.cv.lv/lv/search/employer/eis-group-latvia-sia?employerId=27819&employerName=EIS Group Latvia SIA,1, Rīga, Rīgas rajons,Latvia
68,Senior DataOps Engineer,https://www.cv.lv/lv/vacancy/992058/eis-group-latvia-sia/senior-dataops-engineer,48,2023-05-16,27.05.2023,4500.0,5500.0,1,48,EIS Group Latvia SIA,https://www.cv.lv/lv/search/employer/eis-group-latvia-sia?employerId=27819&employerName=EIS Group Latvia SIA,1, Rīga, Rīgas rajons,Latvia
69,SENIOR DATA ANALYST,https://www.cv.lv/lv/vacancy/992545/c-t-co-sia/senior-data-analyst,49,2023-04-28,28.05.2023,4000.0,5000.0,5,49,C.T.Co SIA,https://www.cv.lv/lv/search/employer/c-t-co-sia?employerId=12466&employerName=C.T.Co SIA,5,, Rīgas rajons,Latvia
70,HR DATA / PEOPLE PARTNER,https://www.cv.lv/lv/vacancy/992130/samsung-electronics-baltics-sia/hr-data-people-partner,50,2023-05-16,28.05.2023,2000.0,,1,50,Samsung Electronics Baltics SIA,https://www.cv.lv/lv/search/employer/samsung-electronics-baltics-sia?employerId=8397&employerName=Samsung Electronics Baltics SIA,1, Rīga, Rīgas rajons,Latvia
71,JAUNĀKAIS/-Ā FINANŠU ANALĪTIĶIS/-E,https://www.cv.lv/lv/vacancy/992735/sanitex-sia/jaunakais-a-finansu-analitikis-e,51,2023-04-28,28.05.2023,1300.0,1700.0,1,51,"Sanitex, SIA ","https://www.cv.lv/lv/search/employer/sanitex-sia?employerId=27093&employerName=Sanitex, SIA ",1, Rīga, Rīgas rajons,Latvia
72,DATORTĪKLA ADMINISTRATORS/-E,https://www.cv.lv/lv/vacancy/999391/centrala-finansu-un-ligumu-agentura-cfla/datortikla-administrators-e,52,2023-05-16,28.05.2023,1403.0,1584.0,1,52,Centrālā finanšu un līgumu aģentūra (CFLA),https://www.cv.lv/lv/search/employer/centrala-finansu-un-ligumu-agentura-cfla?employerId=29208&employerName=Centrālā finanšu un līgumu aģentūra (CFLA),1, Rīga, Rīgas rajons,Latvia
73,System Analyst,https://www.cv.lv/lv/vacancy/992428/sia-dynatech/system-analyst,8,2023-04-28,28.05.2023,3500.0,5000.0,1,8,"SIA ""Dynatech""","https://www.cv.lv/lv/search/employer/sia-dynatech?employerId=30946&employerName=SIA ""Dynatech""",1, Rīga, Rīgas rajons,Latvia
74,Postgres/MariaDB database administrator,https://www.cv.lv/lv/vacancy/992803/intrum-global-technologies/postgres-mariadb-database-administrator,53,2023-04-28,28.05.2023,2800.0,4000.0,1,53,Intrum Global Technologies,https://www.cv.lv/lv/search/employer/intrum-global-technologies?employerId=30911&employerName=Intrum Global Technologies,1, Rīga, Rīgas rajons,Latvia
75,Senior FP&A Analyst,https://www.cv.lv/lv/vacancy/992931/printify-development-sia/senior-fp-un-a-analyst,54,2023-05-09,28.05.2023,3500.0,4000.0,1,54,Printify Development SIA,https://www.cv.lv/lv/search/employer/printify-development-sia?employerId=26853&employerName=Printify Development SIA,1, Rīga, Rīgas rajons,Latvia
76,Financial and Regulatory Reporting Senior Analyst,https://www.cv.lv/lv/vacancy/998705/luminor-bank-as-latvijas-filiale/financial-and-regulatory-reporting-senior-analyst,24,2023-05-12,28.05.2023,2380.0,,1,24,Luminor Bank AS Latvijas filiāle,https://www.cv.lv/lv/search/employer/luminor-bank-as-latvijas-filiale?employerId=29434&employerName=Luminor Bank AS Latvijas filiāle,1, Rīga, Rīgas rajons,Latvia
77,Biznesa procesu analītiķis (uz noteiktu laiku),https://www.cv.lv/lv/vacancy/998896/latvijas-mobilais-telefons/biznesa-procesu-analitikis-uz-noteiktu-laiku,55,2023-05-12,28.05.2023,2700.0,3100.0,1,55,Latvijas Mobilais Telefons,https://www.cv.lv/lv/search/employer/latvijas-mobilais-telefons?employerId=10378&employerName=Latvijas Mobilais Telefons,1, Rīga, Rīgas rajons,Latvia
78,Senior Loyalty Analyst,https://www.cv.lv/lv/vacancy/961409/alliance-for-recruitment/senior-loyalty-analyst,13,,29.05.2023,2000.0,2700.0,3,13,Alliance for Recruitment,https://www.cv.lv/lv/search/employer/alliance-for-recruitment?employerId=16025&employerName=Alliance for Recruitment,3,,,Latvia
79,Loģistikas datu analītiķis,https://www.cv.lv/lv/vacancy/998632/dpd-latvija-sia/logistikas-datu-analitikis,56,2023-05-12,29.05.2023,1300.0,,1,56,DPD Latvija SIA,https://www.cv.lv/lv/search/employer/dpd-latvija-sia?employerId=29097&employerName=DPD Latvija SIA,1, Rīga, Rīgas rajons,Latvia
80,Vecākais biznesa analītiķis/-e,https://www.cv.lv/lv/vacancy/1000259/as-cleanr-grupa/vecakais-biznesa-analitikis-e,57,2023-05-16,29.05.2023,2200.0,,1,57,AS CleanR Grupa,https://www.cv.lv/lv/search/employer/as-cleanr-grupa?employerId=69640&employerName=AS CleanR Grupa,1, Rīga, Rīgas rajons,Latvia
81,FINANCIAL ANALYST,https://www.cv.lv/lv/vacancy/993116/osauhing-tonybet/financial-analyst,16,2023-04-30,30.05.2023,3000.0,3500.0,1,16,Osaühing Tonybet,https://www.cv.lv/lv/search/employer/osauhing-tonybet?employerId=30704&employerName=Osaühing Tonybet,1, Rīga, Rīgas rajons,Latvia
82,Studiju procesa biznesa analītiķis/-ķe,https://www.cv.lv/lv/vacancy/998640/rigas-stradina-universitate/studiju-procesa-biznesa-analitikis-ke,58,2023-05-12,31.05.2023,1700.0,,1,58,Rīgas Stradiņa universitāte,https://www.cv.lv/lv/search/employer/rigas-stradina-universitate?employerId=30249&employerName=Rīgas Stradiņa universitāte,1, Rīga, Rīgas rajons,Latvia
83,Biznesa sistēmu analītiķis/-e,https://www.cv.lv/lv/vacancy/995668/nuko-sia/biznesa-sistemu-analitikis-e,59,2023-05-08,31.05.2023,1800.0,2600.0,1,59,NUKO SIA,https://www.cv.lv/lv/search/employer/nuko-sia?employerId=28768&employerName=NUKO SIA,1, Rīga, Rīgas rajons,Latvia
84,Data Engineer,https://www.cv.lv/lv/vacancy/993151/sia-dynatech/data-engineer,8,2023-05-01,01.06.2023,3500.0,,1,8,"SIA ""Dynatech""","https://www.cv.lv/lv/search/employer/sia-dynatech?employerId=30946&employerName=SIA ""Dynatech""",1, Rīga, Rīgas rajons,Latvia
85,SISTĒMU ANALĪTIĶIS / - A,https://www.cv.lv/lv/vacancy/993155/bta-baltic-insurance-company-aas/sistemu-analitikis-a,46,2023-05-16,01.06.2023,3000.0,,1,46,BTA Baltic Insurance Company AAS,https://www.cv.lv/lv/search/employer/bta-baltic-insurance-company-aas?employerId=8611&employerName=BTA Baltic Insurance Company AAS,1, Rīga, Rīgas rajons,Latvia
86,Database administrator (DBA),https://www.cv.lv/lv/vacancy/993400/sia-media-solutions/database-administrator-dba,60,2023-05-09,02.06.2023,4300.0,8000.0,1,60,SIA Media Solutions,https://www.cv.lv/lv/search/employer/sia-media-solutions?employerId=29979&employerName=SIA Media Solutions,1, Rīga, Rīgas rajons,Latvia
87,Risk Analyst,https://www.cv.lv/lv/vacancy/993403/sia-dynatech/risk-analyst,8,2023-05-02,02.06.2023,2700.0,,1,8,"SIA ""Dynatech""","https://www.cv.lv/lv/search/employer/sia-dynatech?employerId=30946&employerName=SIA ""Dynatech""",1, Rīga, Rīgas rajons,Latvia
88,Marketing Analyst,https://www.cv.lv/lv/vacancy/993646/avon-cosmetics/marketing-analyst,61,2023-05-02,02.06.2023,1765.0,,1,61,AVON Cosmetics,https://www.cv.lv/lv/search/employer/avon-cosmetics?employerId=29175&employerName=AVON Cosmetics,1, Rīga, Rīgas rajons,Latvia
89,Data Operations Engineer,https://www.cv.lv/lv/vacancy/993615/realtime-sia/data-operations-engineer,62,2023-05-02,02.06.2023,4000.0,6500.0,1,62,RealTime SIA,https://www.cv.lv/lv/search/employer/realtime-sia?employerId=65202&employerName=RealTime SIA,1, Rīga, Rīgas rajons,Latvia
90,Middle/Senior Python developer (in Data engineering team),https://www.cv.lv/lv/vacancy/993854/it-camp/middle-senior-python-developer-in-data-engineering-team,63,2023-05-02,02.06.2023,2900.0,5000.0,1,63,IT Camp,https://www.cv.lv/lv/search/employer/it-camp?employerId=26805&employerName=IT Camp,1, Rīga, Rīgas rajons,Latvia
91,Business data analyst,https://www.cv.lv/lv/vacancy/993168/sun-finance-group-as/business-data-analyst,64,2023-05-02,02.06.2023,2300.0,3000.0,1,64,Sun Finance Group AS,https://www.cv.lv/lv/search/employer/sun-finance-group-as?employerId=27831&employerName=Sun Finance Group AS,1, Rīga, Rīgas rajons,Latvia
92,Junior business data analyst,https://www.cv.lv/lv/vacancy/993169/sun-finance-group-as/junior-business-data-analyst,64,2023-05-02,02.06.2023,1800.0,2300.0,1,64,Sun Finance Group AS,https://www.cv.lv/lv/search/employer/sun-finance-group-as?employerId=27831&employerName=Sun Finance Group AS,1, Rīga, Rīgas rajons,Latvia
93,Data scientist,https://www.cv.lv/lv/vacancy/993170/sun-finance-group-as/data-scientist,64,2023-05-02,02.06.2023,2900.0,3600.0,1,64,Sun Finance Group AS,https://www.cv.lv/lv/search/employer/sun-finance-group-as?employerId=27831&employerName=Sun Finance Group AS,1, Rīga, Rīgas rajons,Latvia
94,Middle BI Analyst,https://www.cv.lv/lv/vacancy/994242/sia-media-solutions/middle-bi-analyst,60,2023-05-10,03.06.2023,3000.0,5800.0,1,60,SIA Media Solutions,https://www.cv.lv/lv/search/employer/sia-media-solutions?employerId=29979&employerName=SIA Media Solutions,1, Rīga, Rīgas rajons,Latvia
95,Business Analyst / Biznesa analītiķis,https://www.cv.lv/lv/vacancy/994159/sefinance-sia/business-analyst-biznesa-analitikis,65,2023-05-03,03.06.2023,2500.0,4000.0,1,65,Sefinance SIA,https://www.cv.lv/lv/search/employer/sefinance-sia?employerId=24948&employerName=Sefinance SIA,1, Rīga, Rīgas rajons,Latvia
96,Senior System Analyst / Vecākais/-ā sistēmu analītiķis/-e,https://www.cv.lv/lv/vacancy/994327/workingday-latvia/senior-system-analyst-vecakais-a-sistemu-analitikis-e,12,2023-05-03,03.06.2023,3500.0,5760.0,1,12,WorkingDay Latvia,https://www.cv.lv/lv/search/employer/workingday-latvia?employerId=1205&employerName=WorkingDay Latvia,1, Rīga, Rīgas rajons,Latvia
97,IT Service Desk Analyst,https://www.cv.lv/lv/vacancy/994321/allnex/it-service-desk-analyst,66,2023-05-03,03.06.2023,1250.0,1500.0,1,66,ALLNEX,https://www.cv.lv/lv/search/employer/allnex?employerId=28129&employerName=ALLNEX,1, Rīga, Rīgas rajons,Latvia
98,Junior Data Administration Specialist,https://www.cv.lv/lv/vacancy/994282/atea-global-services/junior-data-administration-specialist,67,2023-05-03,03.06.2023,1000.0,,1,67,Atea Global Services,https://www.cv.lv/lv/search/employer/atea-global-services?employerId=27059&employerName=Atea Global Services,1, Rīga, Rīgas rajons,Latvia
99,AML Transaction Monitoring Analyst,https://www.cv.lv/lv/vacancy/994643/sol-business-services-sia/aml-transaction-monitoring-analyst,68,2023-05-04,04.06.2023,2450.0,3350.0,1,68,SOL Business Services SIA,https://www.cv.lv/lv/search/employer/sol-business-services-sia?employerId=24296&employerName=SOL Business Services SIA,1, Rīga, Rīgas rajons,Latvia
100,Data Scientist/ Fraud Specialist,https://www.cv.lv/lv/vacancy/995087/avafin-latvia-sia/data-scientist-fraud-specialist,69,2023-05-05,05.06.2023,1800.0,3600.0,1,69,Avafin Latvia SIA,https://www.cv.lv/lv/search/employer/avafin-latvia-sia?employerId=24368&employerName=Avafin Latvia SIA,1, Rīga, Rīgas rajons,Latvia
101,System Analyst,https://www.cv.lv/lv/vacancy/999501/luminor-bank-as-latvijas-filiale/system-analyst,24,2023-05-16,05.06.2023,1810.0,2700.0,1,24,Luminor Bank AS Latvijas filiāle,https://www.cv.lv/lv/search/employer/luminor-bank-as-latvijas-filiale?employerId=29434&employerName=Luminor Bank AS Latvijas filiāle,1, Rīga, Rīgas rajons,Latvia
102,Senior System Analyst,https://www.cv.lv/lv/vacancy/999839/luminor-bank-as-latvijas-filiale/senior-system-analyst,24,2023-05-16,05.06.2023,2460.0,3600.0,1,24,Luminor Bank AS Latvijas filiāle,https://www.cv.lv/lv/search/employer/luminor-bank-as-latvijas-filiale?employerId=29434&employerName=Luminor Bank AS Latvijas filiāle,1, Rīga, Rīgas rajons,Latvia
103,Finance Controller / Data Analyst in Marketing,https://www.cv.lv/lv/vacancy/997711/lidl/finance-controller-data-analyst-in-marketing,70,2023-05-10,07.06.2023,1800.0,2200.0,1,70,Lidl,https://www.cv.lv/lv/search/employer/lidl?employerId=28222&employerName=Lidl,1, Rīga, Rīgas rajons,Latvia
104,Senior compliance analyst – Transaction Monitoring,https://www.cv.lv/lv/vacancy/996301/sia-dynatech/senior-compliance-analyst-transaction-monitoring,8,2023-05-08,08.06.2023,2800.0,,1,8,"SIA ""Dynatech""","https://www.cv.lv/lv/search/employer/sia-dynatech?employerId=30946&employerName=SIA ""Dynatech""",1, Rīga, Rīgas rajons,Latvia
105,Senior Data Management Analyst,https://www.cv.lv/lv/vacancy/971022/alliance-for-recruitment/senior-data-management-analyst,13,,08.06.2023,2380.0,3560.0,3,13,Alliance for Recruitment,https://www.cv.lv/lv/search/employer/alliance-for-recruitment?employerId=16025&employerName=Alliance for Recruitment,3,,,Latvia
106,Data Analyst,https://www.cv.lv/lv/vacancy/996287/sph-engineering-sia/data-analyst,71,2023-05-16,08.06.2023,2500.0,,6,71,"SPH Engineering, SIA","https://www.cv.lv/lv/search/employer/sph-engineering-sia?employerId=27347&employerName=SPH Engineering, SIA",6, Baloži, Rīgas rajons,Latvia
107,IT projektu analītiķis/ Аналитик в IT-проект,https://www.cv.lv/lv/vacancy/995984/softgamings-vai-sia-socrates/it-projektu-analitikis-analitik-v-it-proekt,72,2023-05-08,08.06.2023,1500.0,2200.0,1,72,SoftGamings | SIA SOCRATES,https://www.cv.lv/lv/search/employer/softgamings-vai-sia-socrates?employerId=27547&employerName=SoftGamings | SIA SOCRATES,1, Rīga, Rīgas rajons,Latvia
108,Sales Analyst (Sportsbook),https://www.cv.lv/lv/vacancy/995986/softgamings-vai-sia-socrates/sales-analyst-sportsbook,72,2023-05-08,08.06.2023,2000.0,2500.0,1,72,SoftGamings | SIA SOCRATES,https://www.cv.lv/lv/search/employer/softgamings-vai-sia-socrates?employerId=27547&employerName=SoftGamings | SIA SOCRATES,1, Rīga, Rīgas rajons,Latvia
109,IT projektu UX-specialists-analītiķis/ UX-специалист-аналитик в IT-проект,https://www.cv.lv/lv/vacancy/995982/softgamings-vai-sia-socrates/it-projektu-ux-specialists-analitikis-ux-specialist-analitik-v-it-proekt,72,2023-05-08,08.06.2023,1500.0,2200.0,1,72,SoftGamings | SIA SOCRATES,https://www.cv.lv/lv/search/employer/softgamings-vai-sia-socrates?employerId=27547&employerName=SoftGamings | SIA SOCRATES,1, Rīga, Rīgas rajons,Latvia
110,Data Storytelling Expert (Data Analyst),https://www.cv.lv/lv/vacancy/996173/scandiweb/data-storytelling-expert-data-analyst,3,2023-05-16,08.06.2023,2000.0,3000.0,1,3,scandiweb,https://www.cv.lv/lv/search/employer/scandiweb?employerId=29385&employerName=scandiweb,1, Rīga, Rīgas rajons,Latvia
111,Datu analītiķis (-e),https://www.cv.lv/lv/vacancy/997257/aizdevums-lv/datu-analitikis-e,73,2023-05-09,09.06.2023,1600.0,2000.0,1,73,Aizdevums.lv,https://www.cv.lv/lv/search/employer/aizdevums-lv?employerId=28564&employerName=Aizdevums.lv,1, Rīga, Rīgas rajons,Latvia
112,Sistēmas analītiķis,https://www.cv.lv/lv/vacancy/998904/lauksaimniecibas-datu-centrs/sistemas-analitikis,74,2023-05-12,09.06.2023,1245.0,,1,74,Lauksaimniecības datu centrs,https://www.cv.lv/lv/search/employer/lauksaimniecibas-datu-centrs?employerId=30300&employerName=Lauksaimniecības datu centrs,1, Rīga, Rīgas rajons,Latvia
113,Senior finance analyst,https://www.cv.lv/lv/vacancy/996665/kronus-sia/senior-finance-analyst,75,2023-05-15,09.06.2023,2000.0,3800.0,1,75,KRONUS SIA,https://www.cv.lv/lv/search/employer/kronus-sia?employerId=14445&employerName=KRONUS SIA,1, Rīga, Rīgas rajons,Latvia
114,Datu ievades operators/e,https://www.cv.lv/lv/vacancy/997217/konig-distribution-as/datu-ievades-operators-e,76,2023-05-16,09.06.2023,900.0,,7,76,König Distribution AS,https://www.cv.lv/lv/search/employer/konig-distribution-as?employerId=27629&employerName=König Distribution AS,7, Liepāja, Liepājas rajons,Latvia
115,Biznesa analītikas (BI) eksperts/-e,https://www.cv.lv/lv/vacancy/996869/elva-baltic-sia/biznesa-analitikas-bi-eksperts-e,77,2023-05-09,09.06.2023,2500.0,3500.0,1,77,Elva Baltic SIA,https://www.cv.lv/lv/search/employer/elva-baltic-sia?employerId=17282&employerName=Elva Baltic SIA,1, Rīga, Rīgas rajons,Latvia
116,QA analyst with Azerbaijani language,https://www.cv.lv/lv/vacancy/996973/lendiscore-sia/qa-analyst-with-azerbaijani-language,78,2023-05-09,09.06.2023,900.0,1600.0,1,78,Lendiscore SIA,https://www.cv.lv/lv/search/employer/lendiscore-sia?employerId=71710&employerName=Lendiscore SIA,1, Rīga, Rīgas rajons,Latvia
117,Sistēmas analītiķis,https://www.cv.lv/lv/vacancy/998909/lauksaimniecibas-datu-centrs/sistemas-analitikis,74,2023-05-12,09.06.2023,1245.0,,1,74,Lauksaimniecības datu centrs,https://www.cv.lv/lv/search/employer/lauksaimniecibas-datu-centrs?employerId=30300&employerName=Lauksaimniecības datu centrs,1, Rīga, Rīgas rajons,Latvia
118,Analītiķis/-e Piegādes tīklā,https://www.cv.lv/lv/vacancy/981781/maxima-latvija-sia/analitikis-e-piegades-tikla,79,2023-05-16,09.06.2023,1300.0,,5,79,MAXIMA Latvija SIA,https://www.cv.lv/lv/search/employer/maxima-latvija-sia?employerId=16741&employerName=MAXIMA Latvija SIA,5,, Rīgas rajons,Latvia
119,Datu inženieris/e,https://www.cv.lv/lv/vacancy/997282/as-repharm-holdings/datu-inzenieris-e,80,2023-05-10,10.06.2023,2500.0,,1,80,AS REPHARM Holdings,https://www.cv.lv/lv/search/employer/as-repharm-holdings?employerId=28616&employerName=AS REPHARM Holdings,1, Rīga, Rīgas rajons,Latvia
120,IT and Cyber Risk Analyst,https://www.cv.lv/lv/vacancy/997463/citadele-banka-as/it-and-cyber-risk-analyst,81,2023-05-10,10.06.2023,2600.0,3800.0,1,81,Citadele banka AS,https://www.cv.lv/lv/search/employer/citadele-banka-as?employerId=10690&employerName=Citadele banka AS,1, Rīga, Rīgas rajons,Latvia
121,Data Scientist,https://www.cv.lv/lv/vacancy/997686/sia-dynatech/data-scientist,8,2023-05-10,10.06.2023,3000.0,,1,8,"SIA ""Dynatech""","https://www.cv.lv/lv/search/employer/sia-dynatech?employerId=30946&employerName=SIA ""Dynatech""",1, Rīga, Rīgas rajons,Latvia
122,PRODUKTU IZSTRĀDES LABORATORIJAS ANALĪTIĶIS/-E,https://www.cv.lv/lv/vacancy/997661/pharmidea-sia/produktu-izstrades-laboratorijas-analitikis-e,82,2023-05-10,10.06.2023,1100.0,,8,82,PHARMIDEA SIA,https://www.cv.lv/lv/search/employer/pharmidea-sia?employerId=24470&employerName=PHARMIDEA SIA,8, Olaine, Rīgas rajons,Latvia
123,Datu ievades operatore/-s,https://www.cv.lv/lv/vacancy/997735/polipaks-ltd/datu-ievades-operatore-s,83,2023-05-10,10.06.2023,1200.0,,1,83,Polipaks Ltd.,https://www.cv.lv/lv/search/employer/polipaks-ltd?employerId=14848&employerName=Polipaks Ltd.,1, Rīga, Rīgas rajons,Latvia
124,(Senior) Digital Sales and Process optimization Analyst,https://www.cv.lv/lv/vacancy/997546/circle-k-business-centre-sia/senior-digital-sales-and-process-optimization-analyst,84,2023-05-10,10.06.2023,2300.0,,1,84,"Circle K Business Centre, SIA","https://www.cv.lv/lv/search/employer/circle-k-business-centre-sia?employerId=29345&employerName=Circle K Business Centre, SIA",1, Rīga, Rīgas rajons,Latvia
125,Senior Digital Sales and Process optimization Analyst,https://www.cv.lv/lv/vacancy/997599/circle-k-business-centre-sia/senior-digital-sales-and-process-optimization-analyst,84,2023-05-10,10.06.2023,2400.0,,1,84,"Circle K Business Centre, SIA","https://www.cv.lv/lv/search/employer/circle-k-business-centre-sia?employerId=29345&employerName=Circle K Business Centre, SIA",1, Rīga, Rīgas rajons,Latvia
126,Finanšu analītiķis (uz nepilnu slodzi),https://www.cv.lv/lv/vacancy/998538/norde-sia/finansu-analitikis-uz-nepilnu-slodzi,85,2023-05-11,11.06.2023,2100.0,,1,85,Norde SIA,https://www.cv.lv/lv/search/employer/norde-sia?employerId=30768&employerName=Norde SIA,1, Rīga, Rīgas rajons,Latvia
127,Galvenais/-ā plānošanas analītiķis/-e,https://www.cv.lv/lv/vacancy/998283/latvijas-dzelzcels-vas/galvenais-a-planosanas-analitikis-e,86,2023-05-11,11.06.2023,2360.0,,1,86,"Latvijas dzelzceļš, VAS","https://www.cv.lv/lv/search/employer/latvijas-dzelzcels-vas?employerId=29296&employerName=Latvijas dzelzceļš, VAS",1, Rīga, Rīgas rajons,Latvia
128,Compliance and data protection office,https://www.cv.lv/lv/vacancy/998262/compensa-vienna-insurance-group-adb-latvijas-filiale/compliance-and-data-protection-office,87,2023-05-11,11.06.2023,2800.0,3000.0,1,87,Compensa Vienna Insurance Group ADB Latvijas filiāle,https://www.cv.lv/lv/search/employer/compensa-vienna-insurance-group-adb-latvijas-filiale?employerId=27800&employerName=Compensa Vienna Insurance Group ADB Latvijas filiāle,1, Rīga, Rīgas rajons,Latvia
129,Fraud-Analyst,https://www.cv.lv/lv/vacancy/998639/sia-media-solutions/fraud-analyst,60,2023-05-12,12.06.2023,1670.0,1960.0,1,60,SIA Media Solutions,https://www.cv.lv/lv/search/employer/sia-media-solutions?employerId=29979&employerName=SIA Media Solutions,1, Rīga, Rīgas rajons,Latvia
130,DATU inženieris,https://www.cv.lv/lv/vacancy/998652/sia-aerones-engineering/datu-inzenieris,88,2023-05-12,12.06.2023,2000.0,5000.0,1,88,SIA Aerones Engineering,https://www.cv.lv/lv/search/employer/sia-aerones-engineering?employerId=27700&employerName=SIA Aerones Engineering,1, Rīga, Rīgas rajons,Latvia
131,Business Analyst (Trevolution),https://www.cv.lv/lv/vacancy/998687/sia-dynatech/business-analyst-trevolution,8,2023-05-12,12.06.2023,2100.0,3600.0,1,8,"SIA ""Dynatech""","https://www.cv.lv/lv/search/employer/sia-dynatech?employerId=30946&employerName=SIA ""Dynatech""",1, Rīga, Rīgas rajons,Latvia
132,Monitoring  Analyst,https://www.cv.lv/lv/vacancy/998850/bilderlings-pay-sia/monitoring-analyst,89,2023-05-12,12.06.2023,1800.0,2100.0,1,89,Bilderlings Pay SIA,https://www.cv.lv/lv/search/employer/bilderlings-pay-sia?employerId=26205&employerName=Bilderlings Pay SIA,1, Rīga, Rīgas rajons,Latvia
133,Data Analyst,https://www.cv.lv/lv/vacancy/999399/smartlynx-airlines-ltd/data-analyst,90,2023-05-16,15.06.2023,2500.0,,1,90,SmartLynx Airlines Ltd,https://www.cv.lv/lv/search/employer/smartlynx-airlines-ltd?employerId=12927&employerName=SmartLynx Airlines Ltd,1, Rīga, Rīgas rajons,Latvia
134,Biznesa analītiķis / Business Analyst,https://www.cv.lv/lv/vacancy/999539/norwegian-air-resources-latvia/biznesa-analitikis-business-analyst,30,2023-05-16,15.06.2023,2200.0,,1,30,Norwegian Air Resources Latvia,https://www.cv.lv/lv/search/employer/norwegian-air-resources-latvia?employerId=24169&employerName=Norwegian Air Resources Latvia,1, Rīga, Rīgas rajons,Latvia
135,Biznesa analītiķis/-e,https://www.cv.lv/lv/vacancy/999753/corporate-solutions-sia/biznesa-analitikis-e,41,2023-05-16,15.06.2023,2000.0,,1,41,Corporate Solutions SIA,https://www.cv.lv/lv/search/employer/corporate-solutions-sia?employerId=26268&employerName=Corporate Solutions SIA,1, Rīga, Rīgas rajons,Latvia
136,Data engineer in Accounts and Payments at SEB in Riga,https://www.cv.lv/lv/vacancy/923459/seb-global-services/data-engineer-in-accounts-and-payments-at-seb-in-riga,91,2023-05-16,15.06.2023,2350.0,5200.0,1,91,SEB Global Services,https://www.cv.lv/lv/search/employer/seb-global-services?employerId=30203&employerName=SEB Global Services,1, Rīga, Rīgas rajons,Latvia
137,Datu ievades speciālists/-e,https://www.cv.lv/lv/vacancy/999383/jf-hillebrand-baltic/datu-ievades-specialists-e,92,2023-05-16,15.06.2023,1024.0,1195.0,1,92,JF Hillebrand Baltic ,https://www.cv.lv/lv/search/employer/jf-hillebrand-baltic?employerId=25162&employerName=JF Hillebrand Baltic ,1, Rīga, Rīgas rajons,Latvia
138,Datu apstrādes speciālists/-e (darbs uz noteiktu laiku),https://www.cv.lv/lv/vacancy/999744/lindstrom-sia/datu-apstrades-specialists-e-darbs-uz-noteiktu-laiku,93,2023-05-16,15.06.2023,1300.0,1400.0,5,93,Lindstrom SIA,https://www.cv.lv/lv/search/employer/lindstrom-sia?employerId=28359&employerName=Lindstrom SIA,5,, Rīgas rajons,Latvia
139,Finance Analyst,https://www.cv.lv/lv/vacancy/999974/kronus-sia/finance-analyst,75,2023-05-16,15.06.2023,1700.0,2000.0,1,75,KRONUS SIA,https://www.cv.lv/lv/search/employer/kronus-sia?employerId=14445&employerName=KRONUS SIA,1, Rīga, Rīgas rajons,Latvia
140,Procesu vadītājs/-a Sistēmas pamatdatu kontroles daļā,https://www.cv.lv/lv/vacancy/970033/maxima-latvija-sia/procesu-vaditajs-a-sistemas-pamatdatu-kontroles-dala,79,2023-05-16,16.06.2023,1800.0,2500.0,5,79,MAXIMA Latvija SIA,https://www.cv.lv/lv/search/employer/maxima-latvija-sia?employerId=16741&employerName=MAXIMA Latvija SIA,5,, Rīgas rajons,Latvia
141,Data Analyst,https://www.cv.lt/it-telekomunikaciju-darbai/data-analyst-vilniuje-1-402628620,94,2023-05-04,NaN,,,9,94,"IKI Lietuva, UAB",NaN,9,Vilnius,Nan,Lithuania
142,Data Specialist,https://www.cv.lt/it-telekomunikaciju-darbai/data-analyst-vilniuje-1-402628620,95,2023-05-13,NaN,1600.0,1800.0,10,95,Alliance for Recruitment,NaN,10,Kaunas,Nan,Lithuania
143,Marketing Data Engineer,https://www.cv.lt/it-telekomunikaciju-darbai/data-analyst-vilniuje-1-402628620,96,2023-05-02,NaN,4100.0,5400.0,11,96,Hostinger International,NaN,11,Various,Nan,Lithuania
144,Senior data engineer,https://www.cv.lt/it-telekomunikaciju-darbai/data-analyst-vilniuje-1-402628620,97,2023-05-04,NaN,3855.0,5782.0,9,97,Telia Global Services Lithuania,NaN,9,Vilnius,Nan,Lithuania
145,Business Data Analyst,https://www.cv.lt/it-telekomunikaciju-darbai/data-analyst-vilniuje-1-402628620,97,2023-05-04,NaN,3546.0,5318.0,9,97,Telia Global Services Lithuania,NaN,9,Vilnius,Nan,Lithuania
146,Product Data Analyst,https://www.cv.lt/it-telekomunikaciju-darbai/data-analyst-vilniuje-1-402628620,96,2023-05-02,NaN,2800.0,4100.0,11,96,Hostinger International,NaN,11,Various,Nan,Lithuania
147,Data Reporting Specialist,https://www.cv.lt/it-telekomunikaciju-darbai/data-analyst-vilniuje-1-402628620,98,2023-04-16,NaN,1500.0,,9,98,"Adform Lithuania, UAB",NaN,9,Vilnius,Nan,Lithuania
148,Senior data analyst,https://www.cv.lt/it-telekomunikaciju-darbai/data-analyst-vilniuje-1-402628620,99,2023-04-24,NaN,3051.0,4576.0,12,99,"ADB ""Gjensidige""",NaN,12,Other,Nan,Lithuania
149,Market Data Business Analyst,https://www.cv.lt/it-telekomunikaciju-darbai/data-analyst-vilniuje-1-402628620,100,2023-05-05,NaN,2680.0,4020.0,9,100,Danske Bank A/S Lietuvos filialas,NaN,9,Vilnius,Nan,Lithuania
150,Supply Chain Data Analyst,https://www.cv.lt/it-telekomunikaciju-darbai/data-analyst-vilniuje-1-402628620,94,2023-04-26,NaN,,,9,94,"IKI Lietuva, UAB",NaN,9,Vilnius,Nan,Lithuania
151,Senior Data Management Analyst,https://www.cv.lt/it-telekomunikaciju-darbai/data-analyst-vilniuje-1-402628620,95,2023-03-17,NaN,3070.0,4680.0,9,95,Alliance for Recruitment,NaN,9,Vilnius,Nan,Lithuania
152,Data Engineer for Risk Tribe,https://www.cv.lt/it-telekomunikaciju-darbai/data-analyst-vilniuje-1-402628620,100,2023-05-03,NaN,3280.0,4920.0,9,100,Danske Bank A/S Lietuvos filialas,NaN,9,Vilnius,Nan,Lithuania
153,Business Data Analyst / Scrum Master,https://www.cv.lt/it-telekomunikaciju-darbai/data-analyst-vilniuje-1-402628620,97,2023-05-04,NaN,3546.0,5318.0,9,97,Telia Global Services Lithuania,NaN,9,Vilnius,Nan,Lithuania
154,Data Scientist in IRB Framework,https://www.cv.lt/it-telekomunikaciju-darbai/data-analyst-vilniuje-1-402628620,100,2023-05-12,NaN,2600.0,3900.0,9,100,Danske Bank A/S Lietuvos filialas,NaN,9,Vilnius,Nan,Lithuania
155,Business Analyst for Data Protection,https://www.cv.lt/it-telekomunikaciju-darbai/data-analyst-vilniuje-1-402628620,100,2023-05-13,NaN,2680.0,4020.0,9,100,Danske Bank A/S Lietuvos filialas,NaN,9,Vilnius,Nan,Lithuania
156,Data analyst in Fraud Operations,https://www.cv.lt/it-telekomunikaciju-darbai/data-analyst-vilniuje-1-402628620,100,2023-05-16,NaN,1920.0,2880.0,9,100,Danske Bank A/S Lietuvos filialas,NaN,9,Vilnius,Nan,Lithuania
157,Senior Data Engineer in SuperAI,https://www.cv.lt/it-telekomunikaciju-darbai/data-analyst-vilniuje-1-402628620,100,2023-05-16,NaN,4240.0,6360.0,9,100,Danske Bank A/S Lietuvos filialas,NaN,9,Vilnius,Nan,Lithuania
158,SENIOR DATA ENGINEER (F/M/D),https://www.cv.lt/it-telekomunikaciju-darbai/data-analyst-vilniuje-1-402628620,101,2023-05-11,NaN,3075.0,4614.0,10,101,Ignitis grupės paslaugų centras,NaN,10,Kaunas,Nan,Lithuania
159,Chapter Lead for Data Management Services,https://www.cv.lt/it-telekomunikaciju-darbai/data-analyst-vilniuje-1-402628620,100,2023-05-12,NaN,3840.0,5760.0,9,100,Danske Bank A/S Lietuvos filialas,NaN,9,Vilnius,Nan,Lithuania
160,Ad Ops - Data Management Support Specialist,https://www.cv.lt/it-telekomunikaciju-darbai/data-analyst-vilniuje-1-402628620,98,2023-05-11,NaN,1500.0,,9,98,"Adform Lithuania, UAB",NaN,9,Vilnius,Nan,Lithuania
161,Customer Master Data Maintenance Specialist,https://www.cv.lt/finansu-apskaitos-audito-darbai/customer-master-data-maintenance-specialist-vilniuje-1-402632327,97,2023-05-04,NaN,1500.0,1800.0,9,97,Telia Global Services Lithuania,NaN,9,Vilnius,Nan,Lithuania
162,Data Analyst (Assistant to Junior Level),https://www.cv.lt/finansu-apskaitos-audito-darbai/customer-master-data-maintenance-specialist-vilniuje-1-402632327,102,2023-05-10,NaN,900.0,2200.0,9,102,"Exacaster, UAB",NaN,9,Vilnius,Nan,Lithuania
163,Senior Business Analyst for Data Protection,https://www.cv.lt/finansu-apskaitos-audito-darbai/customer-master-data-maintenance-specialist-vilniuje-1-402632327,100,2023-05-13,NaN,3360.0,5040.0,9,100,Danske Bank A/S Lietuvos filialas,NaN,9,Vilnius,Nan,Lithuania
164,SENIOR JAVA DEVELOPER (F/M/D) (DATA HUB),https://www.cv.lt/finansu-apskaitos-audito-darbai/customer-master-data-maintenance-specialist-vilniuje-1-402632327,101,2023-05-04,NaN,3075.0,4614.0,9,101,Ignitis grupės paslaugų centras,NaN,9,Vilnius,Nan,Lithuania
165,SENIOR JAVA DEVELOPER (F/M/D) (DATA HUB),https://www.cv.lt/finansu-apskaitos-audito-darbai/customer-master-data-maintenance-specialist-vilniuje-1-402632327,101,2023-05-04,NaN,3075.0,4614.0,10,101,Ignitis grupės paslaugų centras,NaN,10,Kaunas,Nan,Lithuania
166,Associate Business Analyst for Financial Crime Data Team,https://www.cv.lt/finansu-apskaitos-audito-darbai/customer-master-data-maintenance-specialist-vilniuje-1-402632327,100,2023-05-14,NaN,2000.0,3000.0,9,100,Danske Bank A/S Lietuvos filialas,NaN,9,Vilnius,Nan,Lithuania
167,Data Analyst in Sanctions Screening Continuous Development Unit,https://www.cv.lt/finansu-apskaitos-audito-darbai/customer-master-data-maintenance-specialist-vilniuje-1-402632327,100,2023-05-05,NaN,2680.0,4020.0,9,100,Danske Bank A/S Lietuvos filialas,NaN,9,Vilnius,Nan,Lithuania
168,Senior Statistical Analyst for Investment and Securities Fraud Unit,https://www.cv.lt/finansu-apskaitos-audito-darbai/customer-master-data-maintenance-specialist-vilniuje-1-402632327,100,2023-05-14,NaN,2600.0,3900.0,9,100,Danske Bank A/S Lietuvos filialas,NaN,9,Vilnius,Nan,Lithuania
169,IT System Analyst in Finance Tribe,https://www.cv.lt/finansu-apskaitos-audito-darbai/customer-master-data-maintenance-specialist-vilniuje-1-402632327,100,2023-05-16,NaN,3440.0,5160.0,9,100,Danske Bank A/S Lietuvos filialas,NaN,9,Vilnius,Nan,Lithuania
170,Digital Product Operations Analyst,https://www.cv.lt/finansu-apskaitos-audito-darbai/customer-master-data-maintenance-specialist-vilniuje-1-402632327,103,2023-05-11,NaN,2900.0,3750.0,9,103,Ria Money Transfer,NaN,9,Vilnius,Nan,Lithuania
171,Financial Planner & Analyst,https://www.cv.lt/finansu-apskaitos-audito-darbai/customer-master-data-maintenance-specialist-vilniuje-1-402632327,98,2023-04-27,NaN,800.0,,9,98,"Adform Lithuania, UAB",NaN,9,Vilnius,Nan,Lithuania
172,Market Research Analyst,https://www.cv.lt/finansu-apskaitos-audito-darbai/market-research-analyst-vilniuje-1-402559027,104,2023-05-02,NaN,2100.0,2290.0,9,104,"Baltic Virtual Assistants, UAB",NaN,9,Vilnius,Nan,Lithuania
173,Senior Business Intelligence Analyst in Finance Tribe,https://www.cv.lt/finansu-apskaitos-audito-darbai/market-research-analyst-vilniuje-1-402559027,100,2023-05-10,NaN,3360.0,5040.0,9,100,Danske Bank A/S Lietuvos filialas,NaN,9,Vilnius,Nan,Lithuania
174,Business Analyst in FCP Operations BI and Analytics,https://www.cv.lt/finansu-apskaitos-audito-darbai/market-research-analyst-vilniuje-1-402559027,100,2023-05-03,NaN,2680.0,4020.0,9,100,Danske Bank A/S Lietuvos filialas,NaN,9,Vilnius,Nan,Lithuania
175,Senior Business Analyst in IRB Framework,https://www.cv.lt/finansu-apskaitos-audito-darbai/market-research-analyst-vilniuje-1-402559027,100,2023-05-12,NaN,3360.0,5040.0,9,100,Danske Bank A/S Lietuvos filialas,NaN,9,Vilnius,Nan,Lithuania
176,Associate AML Analyst in KYC Nordic and International Institutions teams,https://www.cv.lt/finansu-apskaitos-audito-darbai/associate-aml-analyst-in-kyc-nordic-and-international-institutions-vilniuje-1-401475370,100,2023-05-13,NaN,1480.0,2220.0,9,100,Danske Bank A/S Lietuvos filialas,NaN,9,Vilnius,Nan,Lithuania
177,ICT Risk Analyst,https://www.cv.lt/finansu-apskaitos-audito-darbai/associate-aml-analyst-in-kyc-nordic-and-international-institutions-vilniuje-1-401475370,95,2023-05-13,NaN,3100.0,4660.0,9,95,Alliance for Recruitment,NaN,9,Vilnius,Nan,Lithuania
178,FINANSŲ KONTROLIERĖ (-IUS) PLANAVIMO IR ANALIZĖS SKYRIUJE,https://www.cv.lt/finansu-apskaitos-audito-darbai/associate-aml-analyst-in-kyc-nordic-and-international-institutions-vilniuje-1-401475370,105,2023-05-11,NaN,2917.0,4377.0,9,105,Energijos skirstymo operatorius,NaN,9,Vilnius,Nan,Lithuania
179,Information Security Risk Analyst,https://www.cv.lt/finansu-apskaitos-audito-darbai/associate-aml-analyst-in-kyc-nordic-and-international-institutions-vilniuje-1-401475370,95,2023-05-13,NaN,3100.0,4660.0,9,95,Alliance for Recruitment,NaN,9,Vilnius,Nan,Lithuania
180,Analyst in Intelligent Automation CoE,https://www.cv.lt/it-telekomunikaciju-darbai/it-technical-specialist-vilniuje-1-403012149,100,2023-05-12,NaN,2680.0,4020.0,9,100,Danske Bank A/S Lietuvos filialas,NaN,9,Vilnius,Nan,Lithuania
181,Business Analyst in Capital Exposure Management,https://www.cv.lt/it-telekomunikaciju-darbai/it-technical-specialist-vilniuje-1-403012149,100,2023-05-08,NaN,2680.0,4020.0,9,100,Danske Bank A/S Lietuvos filialas,NaN,9,Vilnius,Nan,Lithuania
182,Business Analyst in Capital Exposure Management,https://www.cv.lt/it-telekomunikaciju-darbai/it-technical-specialist-vilniuje-1-403012149,100,2023-05-05,NaN,2680.0,4020.0,9,100,Danske Bank A/S Lietuvos filialas,NaN,9,Vilnius,Nan,Lithuania
183,Viešųjų finansų sistemos valdymo grupės finansų analitikas,https://www.cv.lt/valstybes-tarnyba/duju-ir-elektros-departamento-didmenines-rinkos-skyriaus-vyriausiasis-kitur-2-403008174,106,2023-05-11,NaN,,,9,106,Lietuvos Respublikos finansų ministerija,NaN,9,Vilnius,Nan,Lithuania
184,"Ekonominės analizės skyriaus vyriausiasis specialistas (atlyginimas, atskaičius mokesčius - 900-1500 Eur)",https://www.cv.lt/valstybes-tarnyba/duju-ir-elektros-departamento-didmenines-rinkos-skyriaus-vyriausiasis-kitur-2-403008174,107,2023-05-13,NaN,,,12,107,Valstybinė energetikos reguliavimo taryba,NaN,12,Other,Nan,Lithuania
185,Finansų politikos departamento Fiskalinės valdysenos skyriaus finansų analitikas,https://www.cv.lt/valstybes-tarnyba/duju-ir-elektros-departamento-didmenines-rinkos-skyriaus-vyriausiasis-kitur-2-403008174,106,2023-05-08,NaN,,,9,106,Lietuvos Respublikos finansų ministerija,NaN,9,Vilnius,Nan,Lithuania
186,WEB PRODUCT ANALYST,https://www.cv.lv/lv/vacancy/986807/agcsoft-sia/web-product-analyst,14,2023-05-16,18.05.2023,2200.0,,1,14,AGCSOFT SIA,https://www.cv.lv/lv/search/employer/agcsoft-sia?employerId=66129&employerName=AGCSOFT SIA,1, Rīga, Rīgas rajons,Latvia
187,DATU IEVADES OPERATORS/-E,https://www.cv.lv/lv/vacancy/995655/cv-online-recruitment/datu-ievades-operators-e,25,2023-05-16,22.05.2023,1120.0,1260.0,1,25,CV-Online Recruitment,https://www.cv.lv/lv/search/employer/cv-online-recruitment?employerId=19188&employerName=CV-Online Recruitment,1, Rīga, Rīgas rajons,Latvia
188,Ieņēmumu analītiķis/-e,https://www.cv.lv/lv/vacancy/1000329/air-baltic-corporation-as/ienemumu-analitikis-e,108,2023-05-16,25.05.2023,2200.0,2400.0,1,108,Air Baltic Corporation AS,https://www.cv.lv/lv/search/employer/air-baltic-corporation-as?employerId=11287&employerName=Air Baltic Corporation AS,1, Rīga, Rīgas rajons,Latvia
189,Vecākais referents Tirgus analīzes un nodrošinājuma plānošanas nodaļā,https://www.cv.lv/lv/vacancy/998685/valsts-aizsardzibas-logistikas-un-iepirkumu-centrs/vecakais-referents-tirgus-analizes-un-nodrosinajuma-planosanas-nodala,39,2023-05-16,25.05.2023,1500.0,1700.0,1,39,Valsts aizsardzības loģistikas un iepirkumu centrs,https://www.cv.lv/lv/search/employer/valsts-aizsardzibas-logistikas-un-iepirkumu-centrs?employerId=41152&employerName=Valsts aizsardzības loģistikas un iepirkumu centrs,1, Rīga, Rīgas rajons,Latvia
190,Cenu veidošanas analītiķis/-e,https://www.cv.lv/lv/vacancy/1000333/air-baltic-corporation-as/cenu-veidosanas-analitikis-e,108,2023-05-16,25.05.2023,2200.0,2400.0,5,108,Air Baltic Corporation AS,https://www.cv.lv/lv/search/employer/air-baltic-corporation-as?employerId=11287&employerName=Air Baltic Corporation AS,5,, Rīgas rajons,Latvia
191,Informācijas tehnoloģiju projektu attīstības nodaļas sistēmanalītiķis/-e - testētājs/-a,https://www.cv.lv/lv/vacancy/998009/nacionalais-veselibas-dienests/informacijas-tehnologiju-projektu-attistibas-nodalas-sistemanalitikis-e-testetajs-a,45,2023-05-10,25.05.2023,1487.0,,1,45,Nacionālais veselības dienests,https://www.cv.lv/lv/search/employer/nacionalais-veselibas-dienests?employerId=29548&employerName=Nacionālais veselības dienests,1, Rīga, Rīgas rajons,Latvia
192,Vecākais/ā eksperts/e izmaksu analīzes jomā Loģistikas plānošanas departamentā,https://www.cv.lv/lv/vacancy/998676/valsts-aizsardzibas-logistikas-un-iepirkumu-centrs/vecakais-a-eksperts-e-izmaksu-analizes-joma-logistikas-planosanas-departamenta,39,2023-05-16,25.05.2023,1600.0,1800.0,1,39,Valsts aizsardzības loģistikas un iepirkumu centrs,https://www.cv.lv/lv/search/employer/valsts-aizsardzibas-logistikas-un-iepirkumu-centrs?employerId=41152&employerName=Valsts aizsardzības loģistikas un iepirkumu centrs,1, Rīga, Rīgas rajons,Latvia
193,Klientu darījumu uzraudzības analītiķis(-e),https://www.cv.lv/lv/vacancy/998642/swedbank-as/klientu-darijumu-uzraudzibas-analitikis-e,10,2023-05-16,26.05.2023,1650.0,2450.0,1,10,Swedbank AS,https://www.cv.lv/lv/search/employer/swedbank-as?employerId=29215&employerName=Swedbank AS,1, Rīga, Rīgas rajons,Latvia
194,DATORTĪKLA ADMINISTRATORS/-E,https://www.cv.lv/lv/vacancy/999391/centrala-finansu-un-ligumu-agentura-cfla/datortikla-administrators-e,52,2023-05-15,28.05.2023,1403.0,1584.0,1,52,Centrālā finanšu un līgumu aģentūra (CFLA),https://www.cv.lv/lv/search/employer/centrala-finansu-un-ligumu-agentura-cfla?employerId=29208&employerName=Centrālā finanšu un līgumu aģentūra (CFLA),1, Rīga, Rīgas rajons,Latvia
195,System Analyst,https://www.cv.lv/lv/vacancy/999501/luminor-bank-as-latvijas-filiale/system-analyst,24,2023-05-15,05.06.2023,1810.0,2700.0,1,24,Luminor Bank AS Latvijas filiāle,https://www.cv.lv/lv/search/employer/luminor-bank-as-latvijas-filiale?employerId=29434&employerName=Luminor Bank AS Latvijas filiāle,1, Rīga, Rīgas rajons,Latvia
196,Senior finance analyst,https://www.cv.lv/lv/vacancy/996665/kronus-sia/senior-finance-analyst,75,2023-05-16,09.06.2023,2000.0,3800.0,1,75,KRONUS SIA,https://www.cv.lv/lv/search/employer/kronus-sia?employerId=14445&employerName=KRONUS SIA,1, Rīga, Rīgas rajons,Latvia
197,Biznesa analītikas (BI) eksperts/-e,https://www.cv.lv/lv/vacancy/996869/elva-baltic-sia/biznesa-analitikas-bi-eksperts-e,77,2023-05-16,09.06.2023,2500.0,3500.0,1,77,Elva Baltic SIA,https://www.cv.lv/lv/search/employer/elva-baltic-sia?employerId=17282&employerName=Elva Baltic SIA,1, Rīga, Rīgas rajons,Latvia
198,Datu ievades speciālists/-e,https://www.cv.lv/lv/vacancy/999383/sia-hillebrand-gori-baltic/datu-ievades-specialists-e,109,2023-05-16,15.06.2023,1024.0,1195.0,1,109,SIA Hillebrand Gori Baltic,https://www.cv.lv/lv/search/employer/sia-hillebrand-gori-baltic?employerId=25162&employerName=SIA Hillebrand Gori Baltic,1, Rīga, Rīgas rajons,Latvia
199,Data Engineer,https://www.cv.lv/lv/vacancy/1000288/eleving-consumer-finance-as/data-engineer,110,2023-05-16,16.06.2023,2700.0,3200.0,1,110,Eleving Consumer Finance AS,https://www.cv.lv/lv/search/employer/eleving-consumer-finance-as?employerId=65857&employerName=Eleving Consumer Finance AS,1, Rīga, Rīgas rajons,Latvia
200,Analyst in Intelligent Automation CoE,https://www.cv.lt/administravimo-darbai/administrative-assistant-in-sales-vilniuje-kaune-klaipedoje-1-402875369,100,2023-05-12,NaN,2680.0,4020.0,9,100,Danske Bank A/S Lietuvos filialas,NaN,9,Vilnius,Nan,Lithuania
201,Business Analyst in Capital Exposure Management,https://www.cv.lt/administravimo-darbai/administrative-assistant-in-sales-vilniuje-kaune-klaipedoje-1-402875369,100,2023-05-08,NaN,2680.0,4020.0,9,100,Danske Bank A/S Lietuvos filialas,NaN,9,Vilnius,Nan,Lithuania
202,Business Analyst in Capital Exposure Management,https://www.cv.lt/administravimo-darbai/administrative-assistant-in-sales-vilniuje-kaune-klaipedoje-1-402875369,100,2023-05-05,NaN,2680.0,4020.0,9,100,Danske Bank A/S Lietuvos filialas,NaN,9,Vilnius,Nan,Lithuania
203,Viešųjų finansų sistemos valdymo grupės finansų analitikas,https://www.cv.lt/teises-darbai/teises-personalo-ir-civilines-metrikacijos-skyriaus-vedejas-anyksciuose-3-402825149,106,2023-05-11,NaN,,,9,106,Lietuvos Respublikos finansų ministerija,NaN,9,Vilnius,Nan,Lithuania
204,"Ekonominės analizės skyriaus vyriausiasis specialistas (atlyginimas, atskaičius mokesčius - 900-1500 Eur)",https://www.cv.lt/valstybes-tarnyba/resocializacijos-skyriaus-psichologas-pareigines-algos-pastoviosios-vilniuje-2-402871461,107,2023-05-13,NaN,,,12,107,Valstybinė energetikos reguliavimo taryba,NaN,12,Other,Nan,Lithuania
205,Finansų politikos departamento Fiskalinės valdysenos skyriaus finansų analitikas,https://www.cv.lt/valstybes-tarnyba/resocializacijos-skyriaus-psichologas-pareigines-algos-pastoviosios-vilniuje-2-402871461,106,2023-05-08,NaN,,,9,106,Lietuvos Respublikos finansų ministerija,NaN,9,Vilnius,Nan,Lithuania
206,Junior Web Analytics,https://www.cv.lv/lv/vacancy/986160/scandiweb/junior-web-analytics,3,2023-05-15,17.05.2023,1200.0,1800.0,1,3,scandiweb,https://www.cv.lv/lv/search/employer/scandiweb?employerId=29385&employerName=scandiweb,1, Rīga, Rīgas rajons,Latvia
207,ANALĪTIĶIS/-E Maksājumu pakalpojumu sniedzēju uzraudzības grupā,https://www.cv.lv/lv/vacancy/986243/rietumu-banka-as/analitikis-e-maksajumu-pakalpojumu-sniedzeju-uzraudzibas-grupa,4,2023-05-15,17.05.2023,1500.0,2200.0,1,4,Rietumu Banka AS,https://www.cv.lv/lv/search/employer/rietumu-banka-as?employerId=9157&employerName=Rietumu Banka AS,1, Rīga, Rīgas rajons,Latvia
208,Database administrator (DBA),https://www.cv.lv/lv/vacancy/993400/sia-media-solutions/database-administrator-dba,60,2023-05-16,02.06.2023,4300.0,8000.0,1,60,SIA Media Solutions,https://www.cv.lv/lv/search/employer/sia-media-solutions?employerId=29979&employerName=SIA Media Solutions,1, Rīga, Rīgas rajons,Latvia
